pop,mean_norm,num_norm,mean_high,num_high,mean_zero,num_zero,mean_mean,num_mean
0,,,,,,,,
1,31020032.402272105,6.4041237113402065,31502779.00138185,6.292525773195876,31502779.00138185,6.292525773195876,31502779.00138185,6.292525773195876
2,,,,,,,,
3,,,,,,,,
4,,,,,,,,
5,,,,,,,,
6,,,,,,,,
7,,,,,,,,
8,,,,,,,,
9,,,,,,,,
10,,,,,,,,
11,,,,,,,,
